{"cameraMode":{"drawMode":0,"name":"Shaded","section":"Shading Mode"},"sceneLighting":false,"audioPlay":false,"sceneViewState":{"m_AlwaysRefresh":false,"showFog":true,"showSkybox":false,"showFlares":true,"showImageEffects":true,"showParticleSystems":true,"showVisualEffectGraphs":true,"m_FxEnabled":true},"in2DMode":false,"pivot":{"x":-0.17679989337921143,"y":0.11534810066223145,"z":-0.08990556001663208},"rotation":{"x":-0.2635008990764618,"y":0.7304928302764893,"z":-0.3876422047615051,"w":-0.49679234623908999},"size":0.8660253882408142,"orthographic":false}