{"cameraMode":{"drawMode":0,"name":"Shaded","section":"Shading Mode"},"sceneLighting":false,"audioPlay":false,"sceneViewState":{"m_AlwaysRefresh":false,"showFog":true,"showSkybox":false,"showFlares":true,"showImageEffects":true,"showParticleSystems":true,"showVisualEffectGraphs":true,"m_FxEnabled":true},"in2DMode":false,"pivot":{"x":-0.5671780705451965,"y":2.437211275100708,"z":-4.907529354095459},"rotation":{"x":0.025271238759160043,"y":0.9365789294242859,"z":-0.34324660897254946,"w":0.06816215068101883},"size":7.408045291900635,"orthographic":false}